Age,Sex,Year,Quarter,YQ,Deaths,Population,Death_rate
0-9,Female,2008,1,2008 Q1,28,321280,8.715139442231076e-5
0-9,Female,2008,2,2008 Q2,29,321211,9.028333400786399e-5
0-9,Female,2008,3,2008 Q3,43,321267,1.3384505722654366e-4
0-9,Female,2008,4,2008 Q4,38,321197,1.1830745617175752e-4
0-9,Female,2009,1,2009 Q1,30,321154,9.341312890389035e-5
0-9,Female,2009,2,2009 Q2,35,320814,1.0909748327691435e-4
0-9,Female,2009,3,2009 Q3,32,320283,9.991164064280652e-5
0-9,Female,2009,4,2009 Q4,35,320126,1.0933195054447312e-4
0-9,Female,2010,1,2010 Q1,35,320018,1.0936884800229986e-4
0-9,Female,2010,2,2010 Q2,36,319629,1.1263058107993956e-4
0-9,Female,2010,3,2010 Q3,24,319204,7.518702773148207e-5
0-9,Female,2010,4,2010 Q4,23,319042,7.209082189805731e-5
0-9,Female,2011,1,2011 Q1,40,318662,1.2552485078233362e-4
0-9,Female,2011,2,2011 Q2,33,317833,1.0382811098910434e-4
0-9,Female,2011,3,2011 Q3,28,317247,8.825930584055957e-5
0-9,Female,2011,4,2011 Q4,36,316669,1.1368337285935788e-4
0-9,Female,2012,1,2012 Q1,26,315882,8.230921673283062e-5
0-9,Female,2012,2,2012 Q2,29,315132,9.202492923600269e-5
0-9,Female,2012,3,2012 Q3,34,314306,1.0817483598785896e-4
0-9,Female,2012,4,2012 Q4,32,313625,1.0203268234356318e-4
0-9,Female,2013,1,2013 Q1,27,313210,8.620414418441302e-5
0-9,Female,2013,2,2013 Q2,32,312500,1.024e-4
0-9,Female,2013,3,2013 Q3,42,311568,1.348020335849638e-4
0-9,Female,2013,4,2013 Q4,24,310411,7.731684766325936e-5
0-9,Female,2014,1,2014 Q1,25,309401,8.080129023500247e-5
0-9,Female,2014,2,2014 Q2,25,308432,8.105514343518183e-5
0-9,Female,2014,3,2014 Q3,30,307707,9.749534459729548e-5
0-9,Female,2014,4,2014 Q4,34,307121,1.1070555253466874e-4
0-9,Female,2015,1,2015 Q1,32,306523,1.0439673368719476e-4
0-9,Female,2015,2,2015 Q2,32,305680,1.0468463752944256e-4
0-9,Female,2015,3,2015 Q3,29,305301,9.498822473558881e-5
0-9,Female,2015,4,2015 Q4,28,305242,9.173049580332982e-5
0-9,Female,2016,1,2016 Q1,31,305319,1.015331505736623e-4
0-9,Female,2016,2,2016 Q2,20,305227,6.552500270290636e-5
0-9,Female,2016,3,2016 Q3,33,304918,1.0822581808879765e-4
0-9,Female,2016,4,2016 Q4,25,305066,8.194947978470232e-5
0-9,Female,2017,1,2017 Q1,26,304850,8.528784648187633e-5
0-9,Female,2017,2,2017 Q2,33,304408,1.0840713778875719e-4
0-9,Female,2017,3,2017 Q3,38,304194,1.2492028113638006e-4
0-9,Female,2017,4,2017 Q4,20,303760,6.584145377929945e-5
0-9,Female,2018,1,2018 Q1,32,303429,1.054612446404266e-4
0-9,Female,2018,2,2018 Q2,26,302790,8.586809339806467e-5
0-9,Female,2018,3,2018 Q3,27,302431,8.927656225717602e-5
0-9,Female,2018,4,2018 Q4,31,301819,1.0271056494123962e-4
0-9,Female,2019,1,2019 Q1,26,301009,8.637615486580135e-5
0-9,Female,2019,2,2019 Q2,24,300032,7.99914675767918e-5
0-9,Female,2019,3,2019 Q3,24,299559,8.011777312649595e-5
0-9,Female,2019,4,2019 Q4,24,299506,8.013195061200777e-5
0-9,Female,2020,1,2020 Q1,28,299076,9.36216881327823e-5
0-9,Female,2020,2,2020 Q2,21,298156,7.043292772910825e-5
0-9,Female,2020,3,2020 Q3,28,297711,9.405094202095321e-5
0-9,Female,2020,4,2020 Q4,17,297559,5.713152685685864e-5
0-9,Female,2021,1,2021 Q1,30,297107,1.00973723271414e-4
0-9,Female,2021,2,2021 Q2,26,297014,8.753796117354737e-5
0-9,Female,2021,3,2021 Q3,33,297090,1.110774512773907e-4
0-9,Female,2021,4,2021 Q4,30,297597,1.008074678172159e-4
0-9,Female,2022,1,2022 Q1,36,298194,1.2072677518662348e-4
0-9,Female,2022,2,2022 Q2,27,298286,9.051715467705491e-5
0-9,Female,2022,3,2022 Q3,28,300537,9.316656518165817e-5
0-9,Female,2022,4,2022 Q4,22,300664,7.317138067743395e-5
0-9,Male,2008,1,2008 Q1,64,336765,1.9004350214541296e-4
0-9,Male,2008,2,2008 Q2,48,336590,1.4260673222615052e-4
0-9,Male,2008,3,2008 Q3,46,336647,1.366416454030483e-4
0-9,Male,2008,4,2008 Q4,37,336678,1.098972905862575e-4
0-9,Male,2009,1,2009 Q1,36,336853,1.0687154337351902e-4
0-9,Male,2009,2,2009 Q2,29,336457,8.6192292031374e-5
0-9,Male,2009,3,2009 Q3,40,336237,1.1896370714704211e-4
0-9,Male,2009,4,2009 Q4,24,336024,7.142346975216056e-5
0-9,Male,2010,1,2010 Q1,38,335923,1.1312116169479315e-4
0-9,Male,2010,2,2010 Q2,48,335830,1.4292945835690676e-4
0-9,Male,2010,3,2010 Q3,31,335411,9.24239216960684e-5
0-9,Male,2010,4,2010 Q4,35,335141,1.0443365628198281e-4
0-9,Male,2011,1,2011 Q1,37,334700,1.1054675829100687e-4
0-9,Male,2011,2,2011 Q2,32,333869,9.584597551734362e-5
0-9,Male,2011,3,2011 Q3,32,333015,9.609176763809438e-5
0-9,Male,2011,4,2011 Q4,40,332469,1.2031196893544962e-4
0-9,Male,2012,1,2012 Q1,35,331869,1.0546330027812179e-4
0-9,Male,2012,2,2012 Q2,36,331188,1.0869959056487554e-4
0-9,Male,2012,3,2012 Q3,39,330480,1.1801016702977488e-4
0-9,Male,2012,4,2012 Q4,28,329780,8.490508824064527e-5
0-9,Male,2013,1,2013 Q1,32,329266,9.718586188674203e-5
0-9,Male,2013,2,2013 Q2,33,328422,1.0048047938323255e-4
0-9,Male,2013,3,2013 Q3,30,327816,9.15147521780511e-5
0-9,Male,2013,4,2013 Q4,37,326386,1.1336270550820194e-4
0-9,Male,2014,1,2014 Q1,47,325527,1.4438126484131884e-4
0-9,Male,2014,2,2014 Q2,36,324479,1.1094708748486035e-4
0-9,Male,2014,3,2014 Q3,35,323985,1.0802969273268825e-4
0-9,Male,2014,4,2014 Q4,42,323432,1.298572806648693e-4
0-9,Male,2015,1,2015 Q1,37,322792,1.1462489776698307e-4
0-9,Male,2015,2,2015 Q2,33,322078,1.024596526307292e-4
0-9,Male,2015,3,2015 Q3,36,321690,1.1190898069570084e-4
0-9,Male,2015,4,2015 Q4,33,321744,1.0256601521706698e-4
0-9,Male,2016,1,2016 Q1,38,322054,1.1799263477553454e-4
0-9,Male,2016,2,2016 Q2,41,321821,1.2740001429366015e-4
0-9,Male,2016,3,2016 Q3,38,321622,1.1815112150288226e-4
0-9,Male,2016,4,2016 Q4,31,321815,9.632863601758775e-5
0-9,Male,2017,1,2017 Q1,48,321656,1.4922774641231627e-4
0-9,Male,2017,2,2017 Q2,39,321156,1.2143631132533722e-4
0-9,Male,2017,3,2017 Q3,50,320990,1.557680924639397e-4
0-9,Male,2017,4,2017 Q4,28,320687,8.731255086735665e-5
0-9,Male,2018,1,2018 Q1,48,320050,1.4997656616153726e-4
0-9,Male,2018,2,2018 Q2,44,319173,1.3785627230373496e-4
0-9,Male,2018,3,2018 Q3,32,318841,1.0036350406629009e-4
0-9,Male,2018,4,2018 Q4,35,317976,1.1007120034216419e-4
0-9,Male,2019,1,2019 Q1,27,317207,8.511791984413964e-5
0-9,Male,2019,2,2019 Q2,24,316251,7.588908809774514e-5
0-9,Male,2019,3,2019 Q3,47,316054,1.4870876495788694e-4
0-9,Male,2019,4,2019 Q4,33,315953,1.0444591442398078e-4
0-9,Male,2020,1,2020 Q1,32,315413,1.0145428374860897e-4
0-9,Male,2020,2,2020 Q2,45,314296,1.4317713238475832e-4
0-9,Male,2020,3,2020 Q3,29,313726,9.243734978930659e-5
0-9,Male,2020,4,2020 Q4,36,313571,1.1480653504310029e-4
0-9,Male,2021,1,2021 Q1,34,313103,1.0859046384097246e-4
0-9,Male,2021,2,2021 Q2,30,313215,9.578085340740386e-5
0-9,Male,2021,3,2021 Q3,34,313518,1.084467239520538e-4
0-9,Male,2021,4,2021 Q4,37,314001,1.1783401963688013e-4
0-9,Male,2022,1,2022 Q1,29,314832,9.211261879351528e-5
0-9,Male,2022,2,2022 Q2,29,314921,9.208658679478346e-5
0-9,Male,2022,3,2022 Q3,26,317362,8.192537228779753e-5
0-9,Male,2022,4,2022 Q4,39,317520,1.2282690854119424e-4
10-19,Female,2008,1,2008 Q1,8,334030,2.3949944615753077e-5
10-19,Female,2008,2,2008 Q2,13,334714,3.8839128330455256e-5
10-19,Female,2008,3,2008 Q3,9,335212,2.6848680834814983e-5
10-19,Female,2008,4,2008 Q4,16,337188,4.7451273473551845e-5
10-19,Female,2009,1,2009 Q1,13,337576,3.850984667156433e-5
10-19,Female,2009,2,2009 Q2,13,338008,3.8460628150812995e-5
10-19,Female,2009,3,2009 Q3,14,338227,4.1392319359483424e-5
10-19,Female,2009,4,2009 Q4,6,339347,1.7681016776338086e-5
10-19,Female,2010,1,2010 Q1,10,339228,2.9478698692324925e-5
10-19,Female,2010,2,2010 Q2,15,339427,4.4192123785084864e-5
10-19,Female,2010,3,2010 Q3,10,339380,2.9465495904296068e-5
10-19,Female,2010,4,2010 Q4,9,340227,2.6452927016374362e-05
10-19,Female,2011,1,2011 Q1,14,340357,4.113328064355955e-5
10-19,Female,2011,2,2011 Q2,11,340304,3.232403968216653e-5
10-19,Female,2011,3,2011 Q3,9,339706,2.6493497318269328e-5
10-19,Female,2011,4,2011 Q4,6,340377,1.7627513022325246e-5
10-19,Female,2012,1,2012 Q1,8,340299,2.35087379040197e-5
10-19,Female,2012,2,2012 Q2,7,339639,2.061011839040864e-5
10-19,Female,2012,3,2012 Q3,7,338759,2.0663657644520145e-5
10-19,Female,2012,4,2012 Q4,7,338831,2.06592667140846e-5
10-19,Female,2013,1,2013 Q1,13,338073,3.8453233473243945e-5
10-19,Female,2013,2,2013 Q2,8,337050,2.3735350838154578e-5
10-19,Female,2013,3,2013 Q3,6,336374,1.783728825652399e-5
10-19,Female,2013,4,2013 Q4,4,336990,1.1869788421021396e-5
10-19,Female,2014,1,2014 Q1,8,336830,2.3750853546299322e-05
10-19,Female,2014,2,2014 Q2,8,336298,2.3788425741455494e-5
10-19,Female,2014,3,2014 Q3,6,335076,1.7906385417039715e-5
10-19,Female,2014,4,2014 Q4,8,335637,2.383527441849379e-5
10-19,Female,2015,1,2015 Q1,12,334637,3.585975250794144e-5
10-19,Female,2015,2,2015 Q2,11,333685,3.296522169111587e-5
10-19,Female,2015,3,2015 Q3,4,333113,1.2007937246519949e-5
10-19,Female,2015,4,2015 Q4,6,333826,1.7973435262681755e-5
10-19,Female,2016,1,2016 Q1,9,333602,2.6978255526046006e-5
10-19,Female,2016,2,2016 Q2,11,333320,3.300132005280211e-5
10-19,Female,2016,3,2016 Q3,6,333154,1.8009689212796484e-5
10-19,Female,2016,4,2016 Q4,12,334482,3.5876370028880475e-5
10-19,Female,2017,1,2017 Q1,9,333762,2.6965322595142646e-5
10-19,Female,2017,2,2017 Q2,8,333233,2.40072261750787e-5
10-19,Female,2017,3,2017 Q3,7,332222,2.1070248207523883e-5
10-19,Female,2017,4,2017 Q4,7,333178,2.100979056240208e-5
10-19,Female,2018,1,2018 Q1,6,333221,1.8006068044931143e-5
10-19,Female,2018,2,2018 Q2,5,333192,1.500636269778386e-5
10-19,Female,2018,3,2018 Q3,8,332868,2.4033550836968407e-5
10-19,Female,2018,4,2018 Q4,7,333927,2.0962665492757398e-5
10-19,Female,2019,1,2019 Q1,12,333492,3.598287215285524e-5
10-19,Female,2019,2,2019 Q2,13,333162,3.9020056308942795e-5
10-19,Female,2019,3,2019 Q3,1,332202,3.010216675396295e-6
10-19,Female,2019,4,2019 Q4,6,332970,1.801964140913596e-5
10-19,Female,2020,1,2020 Q1,12,332524,3.6087620743164405e-5
10-19,Female,2020,2,2020 Q2,7,332113,2.1077163495557237e-5
10-19,Female,2020,3,2020 Q3,7,331273,2.1130608289839498e-5
10-19,Female,2020,4,2020 Q4,7,331889,2.1091388988487114e-5
10-19,Female,2021,1,2021 Q1,6,331491,1.8100038915083666e-5
10-19,Female,2021,2,2021 Q2,11,330679,3.3264888305577315e-5
10-19,Female,2021,3,2021 Q3,4,329855,1.2126540449591488e-5
10-19,Female,2021,4,2021 Q4,10,330854,3.022481215279247e-5
10-19,Female,2022,1,2022 Q1,5,330006,1.5151239674430162e-5
10-19,Female,2022,2,2022 Q2,7,329510,2.124366483566508e-5
10-19,Female,2022,3,2022 Q3,10,330634,3.0244923389609056e-5
10-19,Female,2022,4,2022 Q4,8,331326,2.4145403620603272e-5
10-19,Male,2008,1,2008 Q1,34,352105,9.656210505389018e-5
10-19,Male,2008,2,2008 Q2,24,352833,6.802084839003154e-5
10-19,Male,2008,3,2008 Q3,21,353132,5.9467847717001005e-5
10-19,Male,2008,4,2008 Q4,24,354714,6.766014310120265e-5
10-19,Male,2009,1,2009 Q1,21,355430,5.908336381284641e-5
10-19,Male,2009,2,2009 Q2,19,355717,5.341324704751249e-5
10-19,Male,2009,3,2009 Q3,22,355755,6.184031145029586e-5
10-19,Male,2009,4,2009 Q4,23,356939,6.443678051431757e-5
10-19,Male,2010,1,2010 Q1,17,357077,4.7608779058858456e-5
10-19,Male,2010,2,2010 Q2,20,356982,5.602523376528789e-5
10-19,Male,2010,3,2010 Q3,15,357003,4.20164536432467e-5
10-19,Male,2010,4,2010 Q4,19,357678,5.312040438606792e-5
10-19,Male,2011,1,2011 Q1,19,357834,5.3097246209136077e-5
10-19,Male,2011,2,2011 Q2,19,357715,5.311490991431727e-5
10-19,Male,2011,3,2011 Q3,17,357243,4.758665670146091e-5
10-19,Male,2011,4,2011 Q4,17,357650,4.7532503844540754e-5
10-19,Male,2012,1,2012 Q1,22,357533,6.153278158939175e-5
10-19,Male,2012,2,2012 Q2,12,356708,3.3640961234399006e-5
10-19,Male,2012,3,2012 Q3,13,355707,3.654693329060153e-5
10-19,Male,2012,4,2012 Q4,14,355783,3.934982840664113e-5
10-19,Male,2013,1,2013 Q1,19,355271,5.3480300953356734e-5
10-19,Male,2013,2,2013 Q2,17,354242,4.798979228888726e-5
10-19,Male,2013,3,2013 Q3,17,353249,4.8124693912792395e-5
10-19,Male,2013,4,2013 Q4,18,353763,5.088152237514947e-5
10-19,Male,2014,1,2014 Q1,16,353658,4.524144795254172e-5
10-19,Male,2014,2,2014 Q2,10,353031,2.8326124334690153e-5
10-19,Male,2014,3,2014 Q3,16,351860,4.54726311601205e-5
10-19,Male,2014,4,2014 Q4,12,352480,3.404448479346346e-5
10-19,Male,2015,1,2015 Q1,14,351599,3.98180882198186e-5
10-19,Male,2015,2,2015 Q2,12,350779,3.420957354915773e-5
10-19,Male,2015,3,2015 Q3,11,350092,3.142031237503285e-5
10-19,Male,2015,4,2015 Q4,14,350730,3.9916745074558774e-5
10-19,Male,2016,1,2016 Q1,8,350263,2.283998024341709e-5
10-19,Male,2016,2,2016 Q2,12,349813,3.430404244553519e-5
10-19,Male,2016,3,2016 Q3,8,349756,2.287308866752822e-5
10-19,Male,2016,4,2016 Q4,11,351048,3.1334746245527674e-5
10-19,Male,2017,1,2017 Q1,21,350650,5.988877798374448e-5
10-19,Male,2017,2,2017 Q2,14,349918,4.000937362467778e-5
10-19,Male,2017,3,2017 Q3,13,348982,3.7251204933205727e-5
10-19,Male,2017,4,2017 Q4,12,349694,3.4315716026011316e-5
10-19,Male,2018,1,2018 Q1,19,349850,5.430898956695727e-5
10-19,Male,2018,2,2018 Q2,19,349616,5.434533888609217e-5
10-19,Male,2018,3,2018 Q3,13,349402,3.7206426980956033e-5
10-19,Male,2018,4,2018 Q4,19,350287,5.4241236471807404e-5
10-19,Male,2019,1,2019 Q1,19,350177,5.425827510087756e-5
10-19,Male,2019,2,2019 Q2,18,349680,5.147563486616335e-5
10-19,Male,2019,3,2019 Q3,16,349081,4.5834634368527647e-5
10-19,Male,2019,4,2019 Q4,14,349571,4.0049088740198704e-5
10-19,Male,2020,1,2020 Q1,17,349387,4.86566472135483e-5
10-19,Male,2020,2,2020 Q2,8,349149,2.291285382458492e-5
10-19,Male,2020,3,2020 Q3,16,348389,4.592567503566416e-5
10-19,Male,2020,4,2020 Q4,12,348964,3.4387501289531296e-5
10-19,Male,2021,1,2021 Q1,9,348549,2.5821333585808596e-5
10-19,Male,2021,2,2021 Q2,10,347593,2.876927901309865e-5
10-19,Male,2021,3,2021 Q3,14,346554,4.0397744651627164e-5
10-19,Male,2021,4,2021 Q4,17,347156,4.896933943241655e-5
10-19,Male,2022,1,2022 Q1,19,346522,5.48305735277991e-5
10-19,Male,2022,2,2022 Q2,13,345986,3.7573774661402483e-5
10-19,Male,2022,3,2022 Q3,10,346994,2.881894211427287e-5
10-19,Male,2022,4,2022 Q4,9,347411,2.590591547187625e-5
20-29,Female,2008,1,2008 Q1,19,308594,6.156957037401894e-5
20-29,Female,2008,2,2008 Q2,16,309176,5.175045928532616e-5
20-29,Female,2008,3,2008 Q3,18,308165,5.841026722697256e-5
20-29,Female,2008,4,2008 Q4,13,310984,4.1802793712859825e-5
20-29,Female,2009,1,2009 Q1,30,311616,9.627233518176216e-5
20-29,Female,2009,2,2009 Q2,16,312720,5.1163980557687386e-5
20-29,Female,2009,3,2009 Q3,16,311835,5.13091859476967e-5
20-29,Female,2009,4,2009 Q4,24,315160,7.615179591318696e-5
20-29,Female,2010,1,2010 Q1,19,315130,6.0292577666359915e-5
20-29,Female,2010,2,2010 Q2,20,316387,6.321372243486617e-5
20-29,Female,2010,3,2010 Q3,16,315739,5.0674766183461656e-5
20-29,Female,2010,4,2010 Q4,19,319924,5.9389104912416696e-5
20-29,Female,2011,1,2011 Q1,15,320462,4.68074217847982e-5
20-29,Female,2011,2,2011 Q2,16,322364,4.9633333746944446e-5
20-29,Female,2011,3,2011 Q3,18,322294,5.584962797942251e-5
20-29,Female,2011,4,2011 Q4,15,326308,4.596883925616289e-5
20-29,Female,2012,1,2012 Q1,20,327417,6.108418316703165e-5
20-29,Female,2012,2,2012 Q2,18,329269,5.466654923482016e-5
20-29,Female,2012,3,2012 Q3,14,329254,4.252036421729121e-5
20-29,Female,2012,4,2012 Q4,13,334433,3.8871762056974044e-5
20-29,Female,2013,1,2013 Q1,18,336050,5.356345781877697e-5
20-29,Female,2013,2,2013 Q2,24,338939,7.080920165575517e-5
20-29,Female,2013,3,2013 Q3,18,339123,5.3078086711900995e-5
20-29,Female,2013,4,2013 Q4,12,344457,3.483743979654935e-5
20-29,Female,2014,1,2014 Q1,19,345187,5.504262906772271e-5
20-29,Female,2014,2,2014 Q2,14,348011,4.0228613463367536e-5
20-29,Female,2014,3,2014 Q3,13,348518,3.730079938482374e-5
20-29,Female,2014,4,2014 Q4,23,353718,6.502354983348316e-5
20-29,Female,2015,1,2015 Q1,22,355003,6.197130728472717e-5
20-29,Female,2015,2,2015 Q2,14,359027,3.8994281767109434e-5
20-29,Female,2015,3,2015 Q3,14,359505,3.894243473665178e-5
20-29,Female,2015,4,2015 Q4,8,365180,2.1907004764773535e-5
20-29,Female,2016,1,2016 Q1,19,366262,5.187543343289776e-5
20-29,Female,2016,2,2016 Q2,19,369239,5.1457186266889464e-5
20-29,Female,2016,3,2016 Q3,30,368467,8.14184173888028e-5
20-29,Female,2016,4,2016 Q4,27,374004,7.219174126479931e-5
20-29,Female,2017,1,2017 Q1,21,374323,5.6101281513559145e-5
20-29,Female,2017,2,2017 Q2,20,377012,5.3048709324902123e-5
20-29,Female,2017,3,2017 Q3,9,376048,2.3933114921499383e-5
20-29,Female,2017,4,2017 Q4,17,381177,4.459870348945503e-5
20-29,Female,2018,1,2018 Q1,16,381064,4.1987697604601855e-5
20-29,Female,2018,2,2018 Q2,15,382275,3.9238767902687854e-5
20-29,Female,2018,3,2018 Q3,13,380726,3.414529083908112e-5
20-29,Female,2018,4,2018 Q4,9,385267,2.336042277174012e-5
20-29,Female,2019,1,2019 Q1,20,383801,5.211033843059294e-5
20-29,Female,2019,2,2019 Q2,25,385555,6.484159199076656e-5
20-29,Female,2019,3,2019 Q3,11,383578,2.867734854449421e-5
20-29,Female,2019,4,2019 Q4,18,386485,4.657360570267928e-5
20-29,Female,2020,1,2020 Q1,19,383339,4.956448469892184e-5
20-29,Female,2020,2,2020 Q2,20,383094,5.220650806329517e-5
20-29,Female,2020,3,2020 Q3,25,381127,6.55949329226216e-5
20-29,Female,2020,4,2020 Q4,20,381907,5.2368770407455215e-5
20-29,Female,2021,1,2021 Q1,21,381467,5.505063347550378e-5
20-29,Female,2021,2,2021 Q2,20,380546,5.255606418146558e-5
20-29,Female,2021,3,2021 Q3,19,379543,5.006020398215749e-5
20-29,Female,2021,4,2021 Q4,19,382483,4.9675410410397325e-5
20-29,Female,2022,1,2022 Q1,22,382538,5.751062639528622e-5
20-29,Female,2022,2,2022 Q2,12,384181,3.1235277121981566e-5
20-29,Female,2022,3,2022 Q3,20,383963,5.2088352263108684e-5
20-29,Female,2022,4,2022 Q4,23,386486,5.951056441889228e-5
20-29,Male,2008,1,2008 Q1,69,314926,2.1909908994493943e-4
20-29,Male,2008,2,2008 Q2,56,315800,1.773274224192527e-4
20-29,Male,2008,3,2008 Q3,58,315404,1.8389113644722325e-4
20-29,Male,2008,4,2008 Q4,56,318541,1.758015451700095e-4
20-29,Male,2009,1,2009 Q1,62,319202,1.9423437196508793e-4
20-29,Male,2009,2,2009 Q2,55,320001,1.7187446289230346e-4
20-29,Male,2009,3,2009 Q3,47,319403,1.471495258341343e-4
20-29,Male,2009,4,2009 Q4,47,321923,1.459976453996763e-4
20-29,Male,2010,1,2010 Q1,50,322375,1.5509887553315238e-4
20-29,Male,2010,2,2010 Q2,46,323957,1.4199415354506926e-4
20-29,Male,2010,3,2010 Q3,50,323695,1.5446639583558596e-4
20-29,Male,2010,4,2010 Q4,49,327389,1.4966904813539856e-4
20-29,Male,2011,1,2011 Q1,38,328545,1.1566147711881173e-4
20-29,Male,2011,2,2011 Q2,44,330406,1.3316949450070518e-4
20-29,Male,2011,3,2011 Q3,39,331168,1.177650014494154e-4
20-29,Male,2011,4,2011 Q4,49,334893,1.4631539028883852e-4
20-29,Male,2012,1,2012 Q1,44,336248,1.3085579691180318e-4
20-29,Male,2012,2,2012 Q2,43,338625,1.2698412698412698e-4
20-29,Male,2012,3,2012 Q3,40,339581,1.1779222041280284e-4
20-29,Male,2012,4,2012 Q4,34,343887,9.886968684480658e-5
20-29,Male,2013,1,2013 Q1,26,345797,7.51886222263351e-5
20-29,Male,2013,2,2013 Q2,39,348907,1.1177763702075338e-4
20-29,Male,2013,3,2013 Q3,35,349982,1.0000514312164625e-4
20-29,Male,2013,4,2013 Q4,35,354973,9.859904837832737e-5
20-29,Male,2014,1,2014 Q1,48,356794,1.3453141028156303e-4
20-29,Male,2014,2,2014 Q2,31,359559,8.621672660119757e-5
20-29,Male,2014,3,2014 Q3,34,361354,9.40905593960493e-5
20-29,Male,2014,4,2014 Q4,47,366039,1.284016184067818e-4
20-29,Male,2015,1,2015 Q1,42,368395,1.1400806199866991e-4
20-29,Male,2015,2,2015 Q2,49,372288,1.3161853188929e-4
20-29,Male,2015,3,2015 Q3,35,374565,9.344172573518616e-5
20-29,Male,2015,4,2015 Q4,49,380014,1.2894261790355092e-4
20-29,Male,2016,1,2016 Q1,46,382470,1.202708709179805e-4
20-29,Male,2016,2,2016 Q2,47,385416,1.2194615687983893e-4
20-29,Male,2016,3,2016 Q3,46,385953,1.1918549667964752e-4
20-29,Male,2016,4,2016 Q4,46,390137,1.1790729923078304e-4
20-29,Male,2017,1,2017 Q1,40,391116,1.0227144887961628e-4
20-29,Male,2017,2,2017 Q2,49,393267,1.2459728377921362e-4
20-29,Male,2017,3,2017 Q3,39,393336,9.915187015681249e-5
20-29,Male,2017,4,2017 Q4,52,397063,1.3096158544110127e-4
20-29,Male,2018,1,2018 Q1,46,397285,1.1578589677435594e-4
20-29,Male,2018,2,2018 Q2,47,398310,1.1799854384775678e-4
20-29,Male,2018,3,2018 Q3,32,397570,8.048897049576175e-5
20-29,Male,2018,4,2018 Q4,31,400573,7.738914005686854e-5
20-29,Male,2019,1,2019 Q1,38,400078,9.498147861167073e-5
20-29,Male,2019,2,2019 Q2,45,400873,1.1225500345495955e-4
20-29,Male,2019,3,2019 Q3,45,399933,1.125188469068569e-4
20-29,Male,2019,4,2019 Q4,43,401405,1.0712372790573112e-4
20-29,Male,2020,1,2020 Q1,50,399362,1.2519969351115027e-4
20-29,Male,2020,2,2020 Q2,39,398617,9.783827583871235e-5
20-29,Male,2020,3,2020 Q3,62,396910,1.5620669673225667e-4
20-29,Male,2020,4,2020 Q4,43,397572,1.0815651001579588e-4
20-29,Male,2021,1,2021 Q1,37,397273,9.31349475046127e-5
20-29,Male,2021,2,2021 Q2,43,396400,1.0847628657921291e-4
20-29,Male,2021,3,2021 Q3,39,395902,9.85092270309319e-5
20-29,Male,2021,4,2021 Q4,46,398555,1.154169437091493e-4
20-29,Male,2022,1,2022 Q1,35,398984,8.77228159525194e-5
20-29,Male,2022,2,2022 Q2,48,399688,1.200936730649907e-4
20-29,Male,2022,3,2022 Q3,43,398748,1.078375314735121e-4
20-29,Male,2022,4,2022 Q4,39,400321,9.742181899026032e-5
30-39,Female,2008,1,2008 Q1,74,374247,1.9773037592819715e-4
30-39,Female,2008,2,2008 Q2,54,372886,1.4481637819601702e-4
30-39,Female,2008,3,2008 Q3,44,372442,1.1813920019761466e-4
30-39,Female,2008,4,2008 Q4,51,372393,1.3695209093618837e-4
30-39,Female,2009,1,2009 Q1,54,371637,1.453030780035357e-4
30-39,Female,2009,2,2009 Q2,48,370729,1.2947462971604596e-4
30-39,Female,2009,3,2009 Q3,43,370264,1.1613335349912495e-4
30-39,Female,2009,4,2009 Q4,42,369716,1.1360070973395796e-4
30-39,Female,2010,1,2010 Q1,44,368905,1.1927189926945961e-4
30-39,Female,2010,2,2010 Q2,49,368324,1.3303504523191537e-4
30-39,Female,2010,3,2010 Q3,31,367199,8.442288786189505e-5
30-39,Female,2010,4,2010 Q4,34,366289,9.282288029397552e-5
30-39,Female,2011,1,2011 Q1,41,365180,1.1227339941946437e-4
30-39,Female,2011,2,2011 Q2,35,363254,9.635131340604646e-5
30-39,Female,2011,3,2011 Q3,29,361478,8.022618250626595e-5
30-39,Female,2011,4,2011 Q4,39,359664,1.0843453890297612e-4
30-39,Female,2012,1,2012 Q1,34,357610,9.507564106149156e-5
30-39,Female,2012,2,2012 Q2,46,355579,1.2936646989839107e-4
30-39,Female,2012,3,2012 Q3,35,353049,9.913638050242317e-5
30-39,Female,2012,4,2012 Q4,26,351002,7.40736520019829e-5
30-39,Female,2013,1,2013 Q1,50,349217,1.4317745126955447e-4
30-39,Female,2013,2,2013 Q2,37,347209,1.065640579593271e-4
30-39,Female,2013,3,2013 Q3,31,345377,8.97569901875342e-5
30-39,Female,2013,4,2013 Q4,21,344064,6.103515625e-5
30-39,Female,2014,1,2014 Q1,39,342862,1.1374838856449534e-4
30-39,Female,2014,2,2014 Q2,36,341157,1.0552326348279531e-4
30-39,Female,2014,3,2014 Q3,40,339933,1.1767024678392507e-4
30-39,Female,2014,4,2014 Q4,36,338607,1.063179438109667e-4
30-39,Female,2015,1,2015 Q1,26,337167,7.711312198406131e-5
30-39,Female,2015,2,2015 Q2,32,335440,9.539709038874314e-5
30-39,Female,2015,3,2015 Q3,35,334695,1.0457282003017673e-4
30-39,Female,2015,4,2015 Q4,35,334157,1.0474118453301892e-4
30-39,Female,2016,1,2016 Q1,41,333332,1.23000492001968e-4
30-39,Female,2016,2,2016 Q2,28,332366,8.424447747362847e-5
30-39,Female,2016,3,2016 Q3,28,332264,8.427033924830857e-5
30-39,Female,2016,4,2016 Q4,37,332665,1.112230021192491e-4
30-39,Female,2017,1,2017 Q1,27,332980,8.108595110817467e-5
30-39,Female,2017,2,2017 Q2,35,332700,1.0519987977156598e-4
30-39,Female,2017,3,2017 Q3,25,332867,7.510507199572201e-5
30-39,Female,2017,4,2017 Q4,37,333534,1.1093321820264201e-4
30-39,Female,2018,1,2018 Q1,38,333583,1.1391467790624822e-4
30-39,Female,2018,2,2018 Q2,39,333974,1.1677555737871811e-4
30-39,Female,2018,3,2018 Q3,33,333725,9.888381152146229e-5
30-39,Female,2018,4,2018 Q4,43,334518,1.2854315761782624e-4
30-39,Female,2019,1,2019 Q1,32,335257,9.544916288101368e-5
30-39,Female,2019,2,2019 Q2,35,335716,1.0425478678406748e-4
30-39,Female,2019,3,2019 Q3,38,336414,1.1295606009262397e-4
30-39,Female,2019,4,2019 Q4,23,337729,6.810193972090049e-5
30-39,Female,2020,1,2020 Q1,26,337996,7.69239872661215e-5
30-39,Female,2020,2,2020 Q2,33,338594,9.746185697324819e-5
30-39,Female,2020,3,2020 Q3,34,339385,1.0018121013008825e-4
30-39,Female,2020,4,2020 Q4,36,341194,1.0551182025475243e-4
30-39,Female,2021,1,2021 Q1,40,342505,1.1678661625377731e-4
30-39,Female,2021,2,2021 Q2,27,344237,7.84343344846719e-5
30-39,Female,2021,3,2021 Q3,20,346170,5.777508160730277e-5
30-39,Female,2021,4,2021 Q4,31,348047,8.906843041313385e-5
30-39,Female,2022,1,2022 Q1,32,349991,9.143092250943596e-5
30-39,Female,2022,2,2022 Q2,29,352445,8.228234192569053e-5
30-39,Female,2022,3,2022 Q3,26,358375,7.254970352284618e-5
30-39,Female,2022,4,2022 Q4,40,361623,1.1061243339057526e-4
30-39,Male,2008,1,2008 Q1,93,380315,2.445341361765905e-4
30-39,Male,2008,2,2008 Q2,93,378785,2.4552186596618137e-4
30-39,Male,2008,3,2008 Q3,94,377938,2.4871804370028947e-4
30-39,Male,2008,4,2008 Q4,99,377720,2.6209890924494333e-4
30-39,Male,2009,1,2009 Q1,98,376669,2.6017537944455214e-4
30-39,Male,2009,2,2009 Q2,96,375178,2.558785429849298e-4
30-39,Male,2009,3,2009 Q3,87,374172,2.3251338956415765e-4
30-39,Male,2009,4,2009 Q4,105,373211,2.813421898068385e-4
30-39,Male,2010,1,2010 Q1,84,371857,2.258932869355693e-4
30-39,Male,2010,2,2010 Q2,84,370737,2.265757127019963e-4
30-39,Male,2010,3,2010 Q3,84,369812,2.2714243994245725e-4
30-39,Male,2010,4,2010 Q4,78,368776,2.1151051044536522e-4
30-39,Male,2011,1,2011 Q1,87,367201,2.3692745934787758e-4
30-39,Male,2011,2,2011 Q2,99,365210,2.7107691465184415e-4
30-39,Male,2011,3,2011 Q3,87,362912,2.3972753725421038e-4
30-39,Male,2011,4,2011 Q4,81,361155,2.242804336088383e-4
30-39,Male,2012,1,2012 Q1,57,358426,1.590286418953982e-4
30-39,Male,2012,2,2012 Q2,75,356197,2.1055764085604314e-4
30-39,Male,2012,3,2012 Q3,69,354037,1.948948838680703e-4
30-39,Male,2012,4,2012 Q4,73,352237,2.0724682529092627e-4
30-39,Male,2013,1,2013 Q1,75,350817,2.1378667510411412e-4
30-39,Male,2013,2,2013 Q2,62,348614,1.7784713178472465e-4
30-39,Male,2013,3,2013 Q3,65,347136,1.872464970501475e-4
30-39,Male,2013,4,2013 Q4,69,346225,1.9929236767997688e-4
30-39,Male,2014,1,2014 Q1,68,344963,1.9712258995892312e-4
30-39,Male,2014,2,2014 Q2,67,343801,1.948801777772607e-4
30-39,Male,2014,3,2014 Q3,74,342968,2.1576356977910476e-4
30-39,Male,2014,4,2014 Q4,75,342378,2.1905613094299283e-4
30-39,Male,2015,1,2015 Q1,54,341567,1.5809489792632193e-4
30-39,Male,2015,2,2015 Q2,47,340828,1.3789946835353903e-4
30-39,Male,2015,3,2015 Q3,58,340710,1.7023274925890053e-4
30-39,Male,2015,4,2015 Q4,68,340410,1.997591140095767e-4
30-39,Male,2016,1,2016 Q1,62,340261,1.8221306585238978e-4
30-39,Male,2016,2,2016 Q2,67,339968,1.9707737198795182e-4
30-39,Male,2016,3,2016 Q3,55,340257,1.6164252315161774e-4
30-39,Male,2016,4,2016 Q4,69,340851,2.0243449483792038e-4
30-39,Male,2017,1,2017 Q1,65,340989,1.9062198487341235e-4
30-39,Male,2017,2,2017 Q2,59,341477,1.727788401561452e-4
30-39,Male,2017,3,2017 Q3,49,342277,1.431589034612317e-4
30-39,Male,2017,4,2017 Q4,61,343140,1.777700064113773e-4
30-39,Male,2018,1,2018 Q1,51,343082,1.4865250872969144e-4
30-39,Male,2018,2,2018 Q2,77,343779,2.2398110413957803e-4
30-39,Male,2018,3,2018 Q3,55,344194,1.597936047694033e-4
30-39,Male,2018,4,2018 Q4,67,345466,1.9394093774785363e-4
30-39,Male,2019,1,2019 Q1,55,345904,1.590036541930709e-4
30-39,Male,2019,2,2019 Q2,53,346935,1.5276636833989077e-4
30-39,Male,2019,3,2019 Q3,66,347834,1.8974568328570526e-4
30-39,Male,2019,4,2019 Q4,61,348620,1.7497561815156903e-4
30-39,Male,2020,1,2020 Q1,59,348812,1.6914555691891335e-4
30-39,Male,2020,2,2020 Q2,57,349928,1.6289065179122563e-4
30-39,Male,2020,3,2020 Q3,63,350442,1.7977297241768966e-4
30-39,Male,2020,4,2020 Q4,66,352231,1.873770338215546e-4
30-39,Male,2021,1,2021 Q1,55,354174,1.5529090221190714e-4
30-39,Male,2021,2,2021 Q2,60,356133,1.6847638382289762e-4
30-39,Male,2021,3,2021 Q3,57,358482,1.5900379935394245e-4
30-39,Male,2021,4,2021 Q4,51,360964,1.4128832792189802e-4
30-39,Male,2022,1,2022 Q1,66,363779,1.8142883453965182e-4
30-39,Male,2022,2,2022 Q2,61,366817,1.662954552269933e-4
30-39,Male,2022,3,2022 Q3,64,370575,1.7270458071915268e-4
30-39,Male,2022,4,2022 Q4,67,374124,1.7908500924827063e-4
40-49,Female,2008,1,2008 Q1,154,398306,3.866374094289315e-4
40-49,Female,2008,2,2008 Q2,152,398963,3.8098771063983377e-4
40-49,Female,2008,3,2008 Q3,166,399669,4.1534369690919234e-4
40-49,Female,2008,4,2008 Q4,148,400540,3.695011734158885e-4
40-49,Female,2009,1,2009 Q1,164,400599,4.093869430527785e-4
40-49,Female,2009,2,2009 Q2,142,400634,3.5443821542854577e-4
40-49,Female,2009,3,2009 Q3,145,401142,3.614680088347767e-4
40-49,Female,2009,4,2009 Q4,146,401490,3.636454208074921e-4
40-49,Female,2010,1,2010 Q1,171,401525,4.2587634642923854e-4
40-49,Female,2010,2,2010 Q2,123,401307,3.0649851609864764e-4
40-49,Female,2010,3,2010 Q3,145,401593,3.610620703050103e-4
40-49,Female,2010,4,2010 Q4,156,401718,3.883321135722074e-4
40-49,Female,2011,1,2011 Q1,137,401521,3.4120257720019625e-4
40-49,Female,2011,2,2011 Q2,147,401505,3.6612246422834086e-4
40-49,Female,2011,3,2011 Q3,143,402077,3.5565327039348185e-4
40-49,Female,2011,4,2011 Q4,149,402599,3.700953057508836e-4
40-49,Female,2012,1,2012 Q1,155,402600,3.8499751614505713e-4
40-49,Female,2012,2,2012 Q2,124,402682,3.079352938547042e-4
40-49,Female,2012,3,2012 Q3,124,403398,3.0738873271558115e-4
40-49,Female,2012,4,2012 Q4,126,403688,3.1212223301163274e-4
40-49,Female,2013,1,2013 Q1,121,403858,2.9961025905144876e-4
40-49,Female,2013,2,2013 Q2,114,403416,2.825867095008626e-4
40-49,Female,2013,3,2013 Q3,106,402836,2.631343772651898e-4
40-49,Female,2013,4,2013 Q4,129,402376,3.205956617690916e-4
40-49,Female,2014,1,2014 Q1,113,401389,2.815224134194011e-4
40-49,Female,2014,2,2014 Q2,118,400800,2.944111776447106e-4
40-49,Female,2014,3,2014 Q3,118,400166,2.948776257852991e-4
40-49,Female,2014,4,2014 Q4,126,399720,3.152206544581207e-4
40-49,Female,2015,1,2015 Q1,113,398696,2.834239621164998e-4
40-49,Female,2015,2,2015 Q2,99,398197,2.4862065761419597e-4
40-49,Female,2015,3,2015 Q3,121,397641,3.042945772694466e-4
40-49,Female,2015,4,2015 Q4,125,397012,3.1485194402184317e-4
40-49,Female,2016,1,2016 Q1,109,396065,2.7520735232853193e-4
40-49,Female,2016,2,2016 Q2,96,394706,2.4321900351147437e-4
40-49,Female,2016,3,2016 Q3,107,393043,2.7223484453354975e-4
40-49,Female,2016,4,2016 Q4,114,391268,2.9136039747692117e-4
40-49,Female,2017,1,2017 Q1,103,388574,2.650717752603108e-4
40-49,Female,2017,2,2017 Q2,94,386949,2.4292607036069353e-4
40-49,Female,2017,3,2017 Q3,106,385575,2.74914089347079e-4
40-49,Female,2017,4,2017 Q4,99,384385,2.575542750107314e-4
40-49,Female,2018,1,2018 Q1,98,382899,2.559421675167603e-4
40-49,Female,2018,2,2018 Q2,100,381771,2.6193712985009336e-4
40-49,Female,2018,3,2018 Q3,91,381281,2.3866911805204037e-4
40-49,Female,2018,4,2018 Q4,110,381120,2.8862300587741396e-4
40-49,Female,2019,1,2019 Q1,96,380097,2.525671078698332e-4
40-49,Female,2019,2,2019 Q2,81,379363,2.1351581466827287e-4
40-49,Female,2019,3,2019 Q3,79,378914,2.084905809761582e-4
40-49,Female,2019,4,2019 Q4,86,378389,2.272793342301177e-4
40-49,Female,2020,1,2020 Q1,103,377418,2.729069625720024e-4
40-49,Female,2020,2,2020 Q2,89,376920,2.3612437652552267e-4
40-49,Female,2020,3,2020 Q3,79,375818,2.1020813265995776e-4
40-49,Female,2020,4,2020 Q4,89,375174,2.3722326173988603e-4
40-49,Female,2021,1,2021 Q1,86,374191,2.2982915142266916e-4
40-49,Female,2021,2,2021 Q2,101,372557,2.7109945592218105e-4
40-49,Female,2021,3,2021 Q3,98,371002,2.6414951940959886e-4
40-49,Female,2021,4,2021 Q4,94,369643,2.5429941862824403e-4
40-49,Female,2022,1,2022 Q1,100,367938,2.7178492028548287e-4
40-49,Female,2022,2,2022 Q2,76,366475,2.0738113104577392e-4
40-49,Female,2022,3,2022 Q3,76,366536,2.0734661806752952e-4
40-49,Female,2022,4,2022 Q4,76,365133,2.0814333407278993e-4
40-49,Male,2008,1,2008 Q1,265,409898,6.465023005723375e-4
40-49,Male,2008,2,2008 Q2,275,410587,6.697727887146938e-4
40-49,Male,2008,3,2008 Q3,250,411294,6.078377024707387e-4
40-49,Male,2008,4,2008 Q4,257,412434,6.23130003830916e-4
40-49,Male,2009,1,2009 Q1,256,412528,6.205639374781833e-4
40-49,Male,2009,2,2009 Q2,248,412562,6.011217707883906e-4
40-49,Male,2009,3,2009 Q3,235,412923,5.691133698050242e-4
40-49,Male,2009,4,2009 Q4,234,413115,5.664282342689082e-4
40-49,Male,2010,1,2010 Q1,255,412883,6.17608378160399e-4
40-49,Male,2010,2,2010 Q2,264,412256,6.403787937592176e-4
40-49,Male,2010,3,2010 Q3,229,411998,5.558279409123345e-4
40-49,Male,2010,4,2010 Q4,227,411884,5.511260451971915e-4
40-49,Male,2011,1,2011 Q1,247,411689,5.999674511585201e-4
40-49,Male,2011,2,2011 Q2,237,411490,5.759556732848914e-4
40-49,Male,2011,3,2011 Q3,198,411980,4.806058546531385e-4
40-49,Male,2011,4,2011 Q4,237,412427,5.746471496773975e-4
40-49,Male,2012,1,2012 Q1,213,412175,5.167707891065688e-4
40-49,Male,2012,2,2012 Q2,226,412359,5.480661268457824e-4
40-49,Male,2012,3,2012 Q3,215,412852,5.207677327468439e-4
40-49,Male,2012,4,2012 Q4,222,412753,5.378519356612792e-4
40-49,Male,2013,1,2013 Q1,223,412036,5.412148453047792e-4
40-49,Male,2013,2,2013 Q2,214,411408,5.201648971337456e-4
40-49,Male,2013,3,2013 Q3,195,410499,4.7503160787236995e-4
40-49,Male,2013,4,2013 Q4,215,409621,5.24875433632553e-4
40-49,Male,2014,1,2014 Q1,191,408366,4.6771768462604627e-4
40-49,Male,2014,2,2014 Q2,207,407319,5.082011887488676e-4
40-49,Male,2014,3,2014 Q3,207,406716,5.089546514029445e-4
40-49,Male,2014,4,2014 Q4,193,405839,4.755580414893591e-4
40-49,Male,2015,1,2015 Q1,199,404512,4.919507950320386e-4
40-49,Male,2015,2,2015 Q2,209,403817,5.175611725113108e-4
40-49,Male,2015,3,2015 Q3,184,403373,4.5615348573156857e-4
40-49,Male,2015,4,2015 Q4,176,402652,4.371020136495038e-4
40-49,Male,2016,1,2016 Q1,212,401094,5.285544037058645e-4
40-49,Male,2016,2,2016 Q2,173,399540,4.329979476397858e-4
40-49,Male,2016,3,2016 Q3,185,397990,4.648357998944697e-4
40-49,Male,2016,4,2016 Q4,167,395971,4.2174805730722705e-4
40-49,Male,2017,1,2017 Q1,166,393138,4.222435887652682e-4
40-49,Male,2017,2,2017 Q2,185,391237,4.7285916209356476e-4
40-49,Male,2017,3,2017 Q3,155,389294,3.9815666308753794e-4
40-49,Male,2017,4,2017 Q4,173,387943,4.4594180072845754e-4
40-49,Male,2018,1,2018 Q1,174,386445,4.5025812211310797e-4
40-49,Male,2018,2,2018 Q2,154,385234,3.9975703079167464e-4
40-49,Male,2018,3,2018 Q3,153,384475,3.9794525001625593e-4
40-49,Male,2018,4,2018 Q4,166,383912,4.323907562149659e-4
40-49,Male,2019,1,2019 Q1,169,382551,4.417711625378054e-4
40-49,Male,2019,2,2019 Q2,141,381497,3.695966154386535e-4
40-49,Male,2019,3,2019 Q3,148,380922,3.8853098534608136e-4
40-49,Male,2019,4,2019 Q4,153,380147,4.0247588432895697e-4
40-49,Male,2020,1,2020 Q1,151,378630,3.988062224335103e-4
40-49,Male,2020,2,2020 Q2,156,377801,4.1291579429382133e-4
40-49,Male,2020,3,2020 Q3,125,376745,3.317894066278252e-4
40-49,Male,2020,4,2020 Q4,167,376117,4.4401077324343223e-4
40-49,Male,2021,1,2021 Q1,135,374633,3.603526651416186e-4
40-49,Male,2021,2,2021 Q2,147,373172,3.93920229813598e-4
40-49,Male,2021,3,2021 Q3,154,371457,4.1458365302040343e-4
40-49,Male,2021,4,2021 Q4,153,370173,4.133202583656831e-4
40-49,Male,2022,1,2022 Q1,168,368313,4.5613377752075e-4
40-49,Male,2022,2,2022 Q2,159,366683,4.3361704796786326e-4
40-49,Male,2022,3,2022 Q3,146,365360,3.9960586818480403e-4
40-49,Male,2022,4,2022 Q4,155,364412,4.2534274392720325e-4
50-59,Female,2008,1,2008 Q1,419,358109,0.0011700348218000665
50-59,Female,2008,2,2008 Q2,386,357316,0.001080276282058458
50-59,Female,2008,3,2008 Q3,372,357088,0.0010417600143382024
50-59,Female,2008,4,2008 Q4,418,356517,0.0011724546094576136
50-59,Female,2009,1,2009 Q1,426,356424,0.001195205710053195
50-59,Female,2009,2,2009 Q2,358,356224,0.0010049856270212
50-59,Female,2009,3,2009 Q3,366,355984,0.0010281360960043148
50-59,Female,2009,4,2009 Q4,387,356251,0.0010863127401747644
50-59,Female,2010,1,2010 Q1,347,356335,9.73802741801956e-4
50-59,Female,2010,2,2010 Q2,390,356245,0.0010947522070485199
50-59,Female,2010,3,2010 Q3,390,356451,0.0010941195283503203
50-59,Female,2010,4,2010 Q4,390,356968,0.0010925349050895318
50-59,Female,2011,1,2011 Q1,382,357405,0.0010688154894307577
50-59,Female,2011,2,2011 Q2,350,357582,9.787964718582032e-4
50-59,Female,2011,3,2011 Q3,349,357972,9.749365872191121e-4
50-59,Female,2011,4,2011 Q4,343,359100,9.551656920077973e-4
50-59,Female,2012,1,2012 Q1,381,359943,0.001058500929313808
50-59,Female,2012,2,2012 Q2,375,360621,0.001039872885938423
50-59,Female,2012,3,2012 Q3,338,361657,9.345871917313919e-4
50-59,Female,2012,4,2012 Q4,335,362735,9.23539222848636e-4
50-59,Female,2013,1,2013 Q1,401,362954,0.0011048232007361814
50-59,Female,2013,2,2013 Q2,328,363646,9.019760976334127e-4
50-59,Female,2013,3,2013 Q3,307,364887,8.413563651212567e-4
50-59,Female,2013,4,2013 Q4,330,366276,9.00959931854667e-4
50-59,Female,2014,1,2014 Q1,330,367812,8.971974813219797e-4
50-59,Female,2014,2,2014 Q2,306,369197,8.288258030265685e-4
50-59,Female,2014,3,2014 Q3,289,370631,7.797512890179181e-4
50-59,Female,2014,4,2014 Q4,340,372341,9.131414482960512e-4
50-59,Female,2015,1,2015 Q1,344,373963,9.19877100140923e-4
50-59,Female,2015,2,2015 Q2,311,375440,8.283613893032176e-4
50-59,Female,2015,3,2015 Q3,332,377269,8.800086940617968e-4
50-59,Female,2015,4,2015 Q4,326,379310,8.594553267775698e-4
50-59,Female,2016,1,2016 Q1,348,381015,9.133498681154285e-4
50-59,Female,2016,2,2016 Q2,284,382702,7.420917580780869e-4
50-59,Female,2016,3,2016 Q3,335,384942,8.70260974380556e-4
50-59,Female,2016,4,2016 Q4,345,386954,8.915788439969608e-4
50-59,Female,2017,1,2017 Q1,330,388942,8.484555537843689e-4
50-59,Female,2017,2,2017 Q2,300,390543,7.681612524101059e-4
50-59,Female,2017,3,2017 Q3,315,392041,8.034873903494787e-4
50-59,Female,2017,4,2017 Q4,285,393364,7.245197832033435e-4
50-59,Female,2018,1,2018 Q1,344,394407,8.72195473204076e-4
50-59,Female,2018,2,2018 Q2,288,395069,7.289865820907234e-4
50-59,Female,2018,3,2018 Q3,317,395863,8.007820887529272e-4
50-59,Female,2018,4,2018 Q4,312,396586,7.867146091894319e-4
50-59,Female,2019,1,2019 Q1,323,396811,8.139895315402043e-4
50-59,Female,2019,2,2019 Q2,290,396959,7.305540370668004e-4
50-59,Female,2019,3,2019 Q3,289,397594,7.26872135897423e-4
50-59,Female,2019,4,2019 Q4,258,397882,6.484334551449928e-4
50-59,Female,2020,1,2020 Q1,300,398092,7.535946464636315e-4
50-59,Female,2020,2,2020 Q2,270,398061,6.782880010852608e-4
50-59,Female,2020,3,2020 Q3,283,398513,7.101399452464537e-4
50-59,Female,2020,4,2020 Q4,271,398825,6.7949601955745e-4
50-59,Female,2021,1,2021 Q1,291,398889,7.29526259184886e-4
50-59,Female,2021,2,2021 Q2,272,399154,6.814412482400277e-4
50-59,Female,2021,3,2021 Q3,300,400003,7.499943750421872e-4
50-59,Female,2021,4,2021 Q4,314,400680,7.836677647998403e-4
50-59,Female,2022,1,2022 Q1,307,401028,7.65532581266146e-4
50-59,Female,2022,2,2022 Q2,258,401513,6.425694809383507e-4
50-59,Female,2022,3,2022 Q3,291,403877,7.205163948429844e-4
50-59,Female,2022,4,2022 Q4,275,404551,6.797659627587127e-4
50-59,Male,2008,1,2008 Q1,625,359884,0.001736670705004946
50-59,Male,2008,2,2008 Q2,572,359208,0.0015923921516224583
50-59,Male,2008,3,2008 Q3,607,358861,0.001691462711189012
50-59,Male,2008,4,2008 Q4,624,358102,0.0017425202875158475
50-59,Male,2009,1,2009 Q1,658,358205,0.001836936949512151
50-59,Male,2009,2,2009 Q2,610,358119,0.0017033444190338966
50-59,Male,2009,3,2009 Q3,591,357952,0.0016510593599141784
50-59,Male,2009,4,2009 Q4,642,357958,0.0017935065007626593
50-59,Male,2010,1,2010 Q1,655,357966,0.0018297827167943325
50-59,Male,2010,2,2010 Q2,632,357959,0.001765565330107638
50-59,Male,2010,3,2010 Q3,612,358144,0.0017088098641887062
50-59,Male,2010,4,2010 Q4,614,358852,0.0017110117820159842
50-59,Male,2011,1,2011 Q1,647,359363,0.0018004079440565668
50-59,Male,2011,2,2011 Q2,531,359455,0.0014772363717294238
50-59,Male,2011,3,2011 Q3,543,359999,0.0015083375231597865
50-59,Male,2011,4,2011 Q4,555,360998,0.0015374046393608828
50-59,Male,2012,1,2012 Q1,629,361577,0.0017396017998932455
50-59,Male,2012,2,2012 Q2,539,362464,0.0014870442305994526
50-59,Male,2012,3,2012 Q3,547,363278,0.0015057339007591981
50-59,Male,2012,4,2012 Q4,529,364366,0.0014518368892816563
50-59,Male,2013,1,2013 Q1,610,364797,0.001672162874146443
50-59,Male,2013,2,2013 Q2,566,365489,0.001548610218091379
50-59,Male,2013,3,2013 Q3,535,366759,0.0014587235759722325
50-59,Male,2013,4,2013 Q4,500,368225,0.0013578654355353385
50-59,Male,2014,1,2014 Q1,555,369730,0.0015010953939361155
50-59,Male,2014,2,2014 Q2,533,371558,0.0014345001318771227
50-59,Male,2014,3,2014 Q3,505,373050,0.0013537059375418844
50-59,Male,2014,4,2014 Q4,518,375003,0.0013813222827550712
50-59,Male,2015,1,2015 Q1,557,376915,0.00147778676890015
50-59,Male,2015,2,2015 Q2,480,378454,0.0012683179461704724
50-59,Male,2015,3,2015 Q3,519,380239,0.001364931003921218
50-59,Male,2015,4,2015 Q4,517,382335,0.0013522172963500595
50-59,Male,2016,1,2016 Q1,561,384233,0.0014600515832841011
50-59,Male,2016,2,2016 Q2,493,386109,0.00127684151366583
50-59,Male,2016,3,2016 Q3,484,388484,0.0012458685557191545
50-59,Male,2016,4,2016 Q4,529,390775,0.0013537201714541615
50-59,Male,2017,1,2017 Q1,518,392761,0.0013188682175674265
50-59,Male,2017,2,2017 Q2,501,394538,0.0012698396605650153
50-59,Male,2017,3,2017 Q3,463,396183,0.0011686518603776538
50-59,Male,2017,4,2017 Q4,497,397546,0.001250169791671907
50-59,Male,2018,1,2018 Q1,550,398217,0.0013811565051215795
50-59,Male,2018,2,2018 Q2,503,398892,0.0012609929504728097
50-59,Male,2018,3,2018 Q3,487,399839,0.0012179902410720314
50-59,Male,2018,4,2018 Q4,469,400945,0.0011697364975245981
50-59,Male,2019,1,2019 Q1,501,400964,0.0012494887321555053
50-59,Male,2019,2,2019 Q2,455,401362,0.0011336399559499903
50-59,Male,2019,3,2019 Q3,486,402064,0.0012087627840343825
50-59,Male,2019,4,2019 Q4,454,402463,0.0011280540074491319
50-59,Male,2020,1,2020 Q1,468,402352,0.0011631606155803873
50-59,Male,2020,2,2020 Q2,446,402013,0.0011094168596537924
50-59,Male,2020,3,2020 Q3,454,402058,0.00112919031582508
50-59,Male,2020,4,2020 Q4,454,402188,0.001128825325469681
50-59,Male,2021,1,2021 Q1,451,402277,0.0011211180355824469
50-59,Male,2021,2,2021 Q2,461,402594,0.0011450741938528641
50-59,Male,2021,3,2021 Q3,414,403529,0.0010259485687521839
50-59,Male,2021,4,2021 Q4,465,404407,0.0011498317289265517
50-59,Male,2022,1,2022 Q1,476,404821,0.0011758283290639567
50-59,Male,2022,2,2022 Q2,438,405482,0.0010801959149851288
50-59,Male,2022,3,2022 Q3,439,406592,0.0010797064379033528
50-59,Male,2022,4,2022 Q4,440,407104,0.0010808049048891685
60-69,Female,2008,1,2008 Q1,855,324337,0.002636146970589233
60-69,Female,2008,2,2008 Q2,858,326833,0.002625193906368084
60-69,Female,2008,3,2008 Q3,743,329139,0.002257404926186201
60-69,Female,2008,4,2008 Q4,893,331267,0.0026957107106956022
60-69,Female,2009,1,2009 Q1,912,333003,0.002738714065639048
60-69,Female,2009,2,2009 Q2,821,334998,0.002450760900065075
60-69,Female,2009,3,2009 Q3,795,336966,0.0023592884742080805
60-69,Female,2009,4,2009 Q4,899,338517,0.002655701190782147
60-69,Female,2010,1,2010 Q1,840,340011,0.0024705083070841825
60-69,Female,2010,2,2010 Q2,884,341639,0.0025875265997149038
60-69,Female,2010,3,2010 Q3,826,343367,0.0024055893548302547
60-69,Female,2010,4,2010 Q4,817,344640,0.0023705896007428042
60-69,Female,2011,1,2011 Q1,835,345884,0.0024141041505244534
60-69,Female,2011,2,2011 Q2,754,347451,0.0021700901709881394
60-69,Female,2011,3,2011 Q3,807,348615,0.0023148745751043415
60-69,Female,2011,4,2011 Q4,817,349104,0.0023402768229524727
60-69,Female,2012,1,2012 Q1,858,349883,0.002452248323010835
60-69,Female,2012,2,2012 Q2,809,350783,0.0023062691179447123
60-69,Female,2012,3,2012 Q3,775,351028,0.0022078010870927676
60-69,Female,2012,4,2012 Q4,837,351021,0.0023844727238541284
60-69,Female,2013,1,2013 Q1,862,351538,0.002452081993980736
60-69,Female,2013,2,2013 Q2,784,352122,0.0022265010422524013
60-69,Female,2013,3,2013 Q3,738,352424,0.002094068508387624
60-69,Female,2013,4,2013 Q4,757,352311,0.002148669783231293
60-69,Female,2014,1,2014 Q1,845,351988,0.0024006500221598463
60-69,Female,2014,2,2014 Q2,803,351452,0.0022848070291248876
60-69,Female,2014,3,2014 Q3,777,350963,0.0022139085886546447
60-69,Female,2014,4,2014 Q4,791,350157,0.0022589866831164308
60-69,Female,2015,1,2015 Q1,813,349473,0.0023263599763071827
60-69,Female,2015,2,2015 Q2,794,348449,0.002278669188317372
60-69,Female,2015,3,2015 Q3,725,347654,0.002085406754992032
60-69,Female,2015,4,2015 Q4,770,346580,0.002221709273472214
60-69,Female,2016,1,2016 Q1,793,345868,0.002292782217493379
60-69,Female,2016,2,2016 Q2,746,344599,0.002164835069167351
60-69,Female,2016,3,2016 Q3,729,343267,0.002123711280140532
60-69,Female,2016,4,2016 Q4,802,342374,0.0023424675939177626
60-69,Female,2017,1,2017 Q1,774,341605,0.002265774798378244
60-69,Female,2017,2,2017 Q2,669,340107,0.0019670280235337704
60-69,Female,2017,3,2017 Q3,635,338942,0.0018734768780499318
60-69,Female,2017,4,2017 Q4,695,338245,0.0020547236470605627
60-69,Female,2018,1,2018 Q1,803,338119,0.0023749035103025856
60-69,Female,2018,2,2018 Q2,687,337516,0.0020354590597186505
60-69,Female,2018,3,2018 Q3,720,337384,0.0021340668200033196
60-69,Female,2018,4,2018 Q4,681,336969,0.002020957417447896
60-69,Female,2019,1,2019 Q1,755,336986,0.0022404491581252636
60-69,Female,2019,2,2019 Q2,724,336934,0.002148788783559985
60-69,Female,2019,3,2019 Q3,658,336747,0.001953989196637238
60-69,Female,2019,4,2019 Q4,718,337120,0.0021298054105363074
60-69,Female,2020,1,2020 Q1,741,337251,0.0021971765836127986
60-69,Female,2020,2,2020 Q2,662,337210,0.0019631683520654783
60-69,Female,2020,3,2020 Q3,676,337589,0.002002434913459858
60-69,Female,2020,4,2020 Q4,738,338282,0.002181611791345682
60-69,Female,2021,1,2021 Q1,756,338832,0.0022311942201444965
60-69,Female,2021,2,2021 Q2,636,339229,0.0018748397100483744
60-69,Female,2021,3,2021 Q3,654,339878,0.0019242198671287933
60-69,Female,2021,4,2021 Q4,743,341162,0.0021778509916110236
60-69,Female,2022,1,2022 Q1,757,342161,0.0022124087783236546
60-69,Female,2022,2,2022 Q2,706,343003,0.002058291035355376
60-69,Female,2022,3,2022 Q3,682,345316,0.001975002606308425
60-69,Female,2022,4,2022 Q4,814,346688,0.0023479324349270814
60-69,Male,2008,1,2008 Q1,1341,316432,0.004237877332254639
60-69,Male,2008,2,2008 Q2,1278,318912,0.00400737507525587
60-69,Male,2008,3,2008 Q3,1217,321217,0.003788716039312988
60-69,Male,2008,4,2008 Q4,1297,323478,0.0040095462442577235
60-69,Male,2009,1,2009 Q1,1322,325127,0.00406610339959462
60-69,Male,2009,2,2009 Q2,1260,327070,0.0038523863393157428
60-69,Male,2009,3,2009 Q3,1245,328839,0.0037860472754144125
60-69,Male,2009,4,2009 Q4,1297,330279,0.003926982944722492
60-69,Male,2010,1,2010 Q1,1305,331487,0.003936805968258182
60-69,Male,2010,2,2010 Q2,1232,332888,0.0037009444618009662
60-69,Male,2010,3,2010 Q3,1204,334692,0.0035973372533553236
60-69,Male,2010,4,2010 Q4,1301,335729,0.003875149301966765
60-69,Male,2011,1,2011 Q1,1331,336841,0.003951419215594301
60-69,Male,2011,2,2011 Q2,1219,338351,0.0036027675402171117
60-69,Male,2011,3,2011 Q3,1161,339574,0.0034189896752990514
60-69,Male,2011,4,2011 Q4,1246,339986,0.0036648567882206916
60-69,Male,2012,1,2012 Q1,1270,340835,0.003726143148444262
60-69,Male,2012,2,2012 Q2,1244,341428,0.0036435207422941293
60-69,Male,2012,3,2012 Q3,1155,341853,0.0033786452071504418
60-69,Male,2012,4,2012 Q4,1290,341632,0.0037759928812289246
60-69,Male,2013,1,2013 Q1,1325,341978,0.00387451824386364
60-69,Male,2013,2,2013 Q2,1271,342568,0.0037102122790219753
60-69,Male,2013,3,2013 Q3,1160,342832,0.0033835814626405935
60-69,Male,2013,4,2013 Q4,1192,342681,0.0034784537222664813
60-69,Male,2014,1,2014 Q1,1264,342306,0.0036926025252259674
60-69,Male,2014,2,2014 Q2,1239,341555,0.003627527045424602
60-69,Male,2014,3,2014 Q3,1137,341107,0.003333264928600117
60-69,Male,2014,4,2014 Q4,1218,340234,0.0035798891351246495
60-69,Male,2015,1,2015 Q1,1285,339224,0.0037880574487654177
60-69,Male,2015,2,2015 Q2,1108,338223,0.003275945160441484
60-69,Male,2015,3,2015 Q3,1127,337497,0.0033392889418276312
60-69,Male,2015,4,2015 Q4,1180,336572,0.0035059363226887562
60-69,Male,2016,1,2016 Q1,1262,335339,0.0037633558876241655
60-69,Male,2016,2,2016 Q2,1129,333779,0.00338247762741215
60-69,Male,2016,3,2016 Q3,1076,332174,0.00323926616773137
60-69,Male,2016,4,2016 Q4,1141,331330,0.0034436966166661634
60-69,Male,2017,1,2017 Q1,1134,330547,0.003430677029287817
60-69,Male,2017,2,2017 Q2,1071,329270,0.0032526498010751054
60-69,Male,2017,3,2017 Q3,1026,328199,0.0031261521211216367
60-69,Male,2017,4,2017 Q4,1136,327538,0.0034682998613901287
60-69,Male,2018,1,2018 Q1,1200,327104,0.0036685580121306985
60-69,Male,2018,2,2018 Q2,1088,326636,0.003330924943974332
60-69,Male,2018,3,2018 Q3,1075,326485,0.003292647441689511
60-69,Male,2018,4,2018 Q4,1041,325688,0.0031963105794502716
60-69,Male,2019,1,2019 Q1,1222,325943,0.0037491217789613522
60-69,Male,2019,2,2019 Q2,1060,325971,0.003251823014930776
60-69,Male,2019,3,2019 Q3,1017,326002,0.0031196127631118826
60-69,Male,2019,4,2019 Q4,1197,326306,0.0036683358565273087
60-69,Male,2020,1,2020 Q1,1109,326395,0.0033977236170897227
60-69,Male,2020,2,2020 Q2,1045,326541,0.0032002106932973195
60-69,Male,2020,3,2020 Q3,1003,327032,0.0030669781550429318
60-69,Male,2020,4,2020 Q4,1062,327980,0.003238002317214464
60-69,Male,2021,1,2021 Q1,1063,328751,0.0032334502404555423
60-69,Male,2021,2,2021 Q2,1005,329117,0.003053625306501943
60-69,Male,2021,3,2021 Q3,1054,329988,0.0031940555414136274
60-69,Male,2021,4,2021 Q4,1172,331072,0.0035400154649139763
60-69,Male,2022,1,2022 Q1,1154,331789,0.0034781141026375196
60-69,Male,2022,2,2022 Q2,1071,332969,0.0032165156516072066
60-69,Male,2022,3,2022 Q3,1014,334515,0.003031254203847361
60-69,Male,2022,4,2022 Q4,1074,335919,0.0031971993248372374
70-79,Female,2008,1,2008 Q1,1569,197291,0.00795271958680325
70-79,Female,2008,2,2008 Q2,1392,197944,0.00703229196136281
70-79,Female,2008,3,2008 Q3,1336,198768,0.0067214038477018435
70-79,Female,2008,4,2008 Q4,1429,199599,0.0071593545057840975
70-79,Female,2009,1,2009 Q1,1594,200191,0.007962395911904131
70-79,Female,2009,2,2009 Q2,1343,200758,0.0066896462407475665
70-79,Female,2009,3,2009 Q3,1347,201951,0.006669934786161
70-79,Female,2009,4,2009 Q4,1439,202803,0.00709555578566392
70-79,Female,2010,1,2010 Q1,1508,203550,0.007408499140260379
70-79,Female,2010,2,2010 Q2,1431,204854,0.006985462817421188
70-79,Female,2010,3,2010 Q3,1321,205932,0.006414738845832605
70-79,Female,2010,4,2010 Q4,1426,207190,0.006882571552681114
70-79,Female,2011,1,2011 Q1,1427,208057,0.006858697376199791
70-79,Female,2011,2,2011 Q2,1338,209080,0.006399464319877559
70-79,Female,2011,3,2011 Q3,1272,210627,0.0060391117947841445
70-79,Female,2011,4,2011 Q4,1435,212079,0.006766346502954088
70-79,Female,2012,1,2012 Q1,1346,213380,0.006307995126066173
70-79,Female,2012,2,2012 Q2,1387,214943,0.006452873552523227
70-79,Female,2012,3,2012 Q3,1308,217241,0.006020962893744735
70-79,Female,2012,4,2012 Q4,1383,219487,0.006301056554602323
70-79,Female,2013,1,2013 Q1,1549,221479,0.006993891068679197
70-79,Female,2013,2,2013 Q2,1335,223620,0.005969949020660048
70-79,Female,2013,3,2013 Q3,1207,226408,0.005331083707289495
70-79,Female,2013,4,2013 Q4,1279,229065,0.0055835679828869535
70-79,Female,2014,1,2014 Q1,1325,231676,0.0057191940468585434
70-79,Female,2014,2,2014 Q2,1368,234751,0.005827451214265328
70-79,Female,2014,3,2014 Q3,1321,237873,0.005553383528185208
70-79,Female,2014,4,2014 Q4,1360,241195,0.005638591181409233
70-79,Female,2015,1,2015 Q1,1518,243637,0.006230580741020453
70-79,Female,2015,2,2015 Q2,1334,246930,0.005402340744340501
70-79,Female,2015,3,2015 Q3,1263,250313,0.00504568280512798
70-79,Female,2015,4,2015 Q4,1364,253733,0.005375729605530222
70-79,Female,2016,1,2016 Q1,1528,256717,0.005952079527261537
70-79,Female,2016,2,2016 Q2,1353,260304,0.005197768762677485
70-79,Female,2016,3,2016 Q3,1311,263965,0.004966567537362908
70-79,Female,2016,4,2016 Q4,1529,267326,0.005719608268555995
70-79,Female,2017,1,2017 Q1,1509,269936,0.005590213976646316
70-79,Female,2017,2,2017 Q2,1382,273397,0.005054920134456486
70-79,Female,2017,3,2017 Q3,1421,276751,0.005134579459514148
70-79,Female,2017,4,2017 Q4,1518,279468,0.005431748894327794
70-79,Female,2018,1,2018 Q1,1655,281242,0.00588461182895869
70-79,Female,2018,2,2018 Q2,1500,283524,0.005290557413129047
70-79,Female,2018,3,2018 Q3,1438,285896,0.005029801046534404
70-79,Female,2018,4,2018 Q4,1534,287941,0.0053274802824189674
70-79,Female,2019,1,2019 Q1,1578,289629,0.0054483494401458415
70-79,Female,2019,2,2019 Q2,1521,291543,0.005217069180189543
70-79,Female,2019,3,2019 Q3,1403,293474,0.004780662000722381
70-79,Female,2019,4,2019 Q4,1514,294974,0.005132655759490667
70-79,Female,2020,1,2020 Q1,1573,296314,0.005308557813670633
70-79,Female,2020,2,2020 Q2,1552,297954,0.005208857743141559
70-79,Female,2020,3,2020 Q3,1462,299628,0.00487938376920715
70-79,Female,2020,4,2020 Q4,1589,300894,0.005280929496766303
70-79,Female,2021,1,2021 Q1,1591,301943,0.0052692064396260225
70-79,Female,2021,2,2021 Q2,1563,303370,0.005152124468470844
70-79,Female,2021,3,2021 Q3,1625,304482,0.005336932889300517
70-79,Female,2021,4,2021 Q4,1716,304874,0.005628554747207043
70-79,Female,2022,1,2022 Q1,1770,305342,0.005796778694054536
70-79,Female,2022,2,2022 Q2,1620,306102,0.005292353529215752
70-79,Female,2022,3,2022 Q3,1695,306846,0.005523943606890753
70-79,Female,2022,4,2022 Q4,1751,306758,0.005708082592793016
70-79,Male,2008,1,2008 Q1,1833,164232,0.011161040479321935
70-79,Male,2008,2,2008 Q2,1684,165250,0.010190620272314675
70-79,Male,2008,3,2008 Q3,1640,166727,0.009836439209006339
70-79,Male,2008,4,2008 Q4,1780,167637,0.010618180950506153
70-79,Male,2009,1,2009 Q1,1964,168381,0.011664023850671989
70-79,Male,2009,2,2009 Q2,1649,169095,0.009751914604216564
70-79,Male,2009,3,2009 Q3,1588,170571,0.009309906138792644
70-79,Male,2009,4,2009 Q4,1751,171854,0.01018888125967391
70-79,Male,2010,1,2010 Q1,1849,172958,0.01069045664265313
70-79,Male,2010,2,2010 Q2,1684,174529,0.009648826269559787
70-79,Male,2010,3,2010 Q3,1657,175981,0.009415789204516396
70-79,Male,2010,4,2010 Q4,1782,177553,0.010036439823601967
70-79,Male,2011,1,2011 Q1,1730,178422,0.009696113707950814
70-79,Male,2011,2,2011 Q2,1651,179759,0.009184519273026664
70-79,Male,2011,3,2011 Q3,1670,181428,0.009204753400798113
70-79,Male,2011,4,2011 Q4,1788,183149,0.009762543066028206
70-79,Male,2012,1,2012 Q1,1773,184476,0.0096110063097638709
70-79,Male,2012,2,2012 Q2,1702,186312,0.009135214049551291
70-79,Male,2012,3,2012 Q3,1569,188849,0.008308225089886628
70-79,Male,2012,4,2012 Q4,1793,191584,0.00935881910806748
70-79,Male,2013,1,2013 Q1,1857,193604,0.009591743972231979
70-79,Male,2013,2,2013 Q2,1641,195802,0.008380915414551434
70-79,Male,2013,3,2013 Q3,1634,198701,0.008223411054800933
70-79,Male,2013,4,2013 Q4,1660,201358,0.008244023083264633
70-79,Male,2014,1,2014 Q1,1700,203855,0.008339260749061833
70-79,Male,2014,2,2014 Q2,1718,207001,0.008299476814121671
70-79,Male,2014,3,2014 Q3,1726,210214,0.008210680544587895
70-79,Male,2014,4,2014 Q4,1763,213270,0.008266516622122192
70-79,Male,2015,1,2015 Q1,1901,216203,0.008792662451492347
70-79,Male,2015,2,2015 Q2,1810,219503,0.00824590096718496
70-79,Male,2015,3,2015 Q3,1687,223100,0.007561631555356343
70-79,Male,2015,4,2015 Q4,1874,226446,0.008275703699778314
70-79,Male,2016,1,2016 Q1,1912,229599,0.00832756240227527
70-79,Male,2016,2,2016 Q2,1843,233467,0.007894049266063298
70-79,Male,2016,3,2016 Q3,1747,237379,0.007359538965114858
70-79,Male,2016,4,2016 Q4,1908,240567,0.007931262392597489
70-79,Male,2017,1,2017 Q1,2093,243219,0.00860541322840732
70-79,Male,2017,2,2017 Q2,1933,246453,0.007843280463212053
70-79,Male,2017,3,2017 Q3,1825,249702,0.007308711984685745
70-79,Male,2017,4,2017 Q4,1940,252505,0.007683016177897468
70-79,Male,2018,1,2018 Q1,2252,254499,0.008848757755433223
70-79,Male,2018,2,2018 Q2,1890,256621,0.007364946750265957
70-79,Male,2018,3,2018 Q3,1985,258965,0.007665128492267295
70-79,Male,2018,4,2018 Q4,2017,261038,0.007726844367486726
70-79,Male,2019,1,2019 Q1,2117,262429,0.008066943820995393
70-79,Male,2019,2,2019 Q2,1990,264168,0.007533085006511008
70-79,Male,2019,3,2019 Q3,1990,265881,0.007484551359442758
70-79,Male,2019,4,2019 Q4,2029,267176,0.007594244992065156
70-79,Male,2020,1,2020 Q1,2152,268076,0.00802757426998314
70-79,Male,2020,2,2020 Q2,2050,269365,0.007610491340745828
70-79,Male,2020,3,2020 Q3,1937,271014,0.007147232246304619
70-79,Male,2020,4,2020 Q4,2224,272021,0.008175839365343118
70-79,Male,2021,1,2021 Q1,2202,272754,0.008073208825535097
70-79,Male,2021,2,2021 Q2,2151,274103,0.007847415022819888
70-79,Male,2021,3,2021 Q3,2184,275085,0.007939364196521075
70-79,Male,2021,4,2021 Q4,2376,275335,0.008629487714965406
70-79,Male,2022,1,2022 Q1,2406,275694,0.008727066965548761
70-79,Male,2022,2,2022 Q2,2233,275898,0.008093570812401685
70-79,Male,2022,3,2022 Q3,2136,276475,0.007725834162220816
70-79,Male,2022,4,2022 Q4,2396,276300,0.008671733622873688
80-89,Female,2008,1,2008 Q1,2593,119885,0.021629061183634318
80-89,Female,2008,2,2008 Q2,2372,119864,0.019789094306881132
80-89,Female,2008,3,2008 Q3,2244,120068,0.01868940933471033
80-89,Female,2008,4,2008 Q4,2564,120220,0.021327566128763933
80-89,Female,2009,1,2009 Q1,2886,119883,0.02407347163484397
80-89,Female,2009,2,2009 Q2,2391,119551,0.019999832707380115
80-89,Female,2009,3,2009 Q3,2262,119786,0.018883675888668124
80-89,Female,2009,4,2009 Q4,2454,119978,0.020453749854139926
80-89,Female,2010,1,2010 Q1,2649,119280,0.022208249496981892
80-89,Female,2010,2,2010 Q2,2346,118527,0.01979295856640259
80-89,Female,2010,3,2010 Q3,2343,118447,0.01978099909664238
80-89,Female,2010,4,2010 Q4,2476,118209,0.020945951661886997
80-89,Female,2011,1,2011 Q1,2491,117843,0.021138294171058104
80-89,Female,2011,2,2011 Q2,2234,117548,0.01900500221186239
80-89,Female,2011,3,2011 Q3,2099,117585,0.017850916358379047
80-89,Female,2011,4,2011 Q4,2330,117657,0.019803326618900705
80-89,Female,2012,1,2012 Q1,2371,117091,0.020249207881049783
80-89,Female,2012,2,2012 Q2,2277,117119,0.01944176435932684
80-89,Female,2012,3,2012 Q3,2076,117175,0.017717089822914443
80-89,Female,2012,4,2012 Q4,2338,117454,0.0199056651965876
80-89,Female,2013,1,2013 Q1,2680,117266,0.022854024184333056
80-89,Female,2013,2,2013 Q2,2103,116781,0.01800806638066124
80-89,Female,2013,3,2013 Q3,2046,116939,0.0174963014905207
80-89,Female,2013,4,2013 Q4,2195,117210,0.018727071069021415
80-89,Female,2014,1,2014 Q1,2228,117108,0.019025173344263416
80-89,Female,2014,2,2014 Q2,2040,117273,0.01739530838300376
80-89,Female,2014,3,2014 Q3,2123,117695,0.018038149454097454
80-89,Female,2014,4,2014 Q4,2110,117814,0.017909586297044495
80-89,Female,2015,1,2015 Q1,2460,118130,0.02082451536442902
80-89,Female,2015,2,2015 Q2,2087,118147,0.017664434983537456
80-89,Female,2015,3,2015 Q3,2007,118764,0.016899060321309486
80-89,Female,2015,4,2015 Q4,2173,119305,0.01821382171744688
80-89,Female,2016,1,2016 Q1,2361,119382,0.019776850781524854
80-89,Female,2016,2,2016 Q2,2147,119650,0.017944003343083995
80-89,Female,2016,3,2016 Q3,1980,120419,0.016442587963693436
80-89,Female,2016,4,2016 Q4,2205,121122,0.018204785257839202
80-89,Female,2017,1,2017 Q1,2424,121384,0.01996968298952086
80-89,Female,2017,2,2017 Q2,2102,121879,0.017246613444481824
80-89,Female,2017,3,2017 Q3,2016,122910,0.016402245545521114
80-89,Female,2017,4,2017 Q4,2249,123817,0.01816390317969261
80-89,Female,2018,1,2018 Q1,2615,124505,0.02100317256335087
80-89,Female,2018,2,2018 Q2,2126,125065,0.016999160436572982
80-89,Female,2018,3,2018 Q3,2067,126139,0.01638668453055756
80-89,Female,2018,4,2018 Q4,2171,127038,0.017089374832727214
80-89,Female,2019,1,2019 Q1,2366,127815,0.018511129366662753
80-89,Female,2019,2,2019 Q2,2159,128638,0.016783532082277397
80-89,Female,2019,3,2019 Q3,2119,129929,0.01630890717237876
80-89,Female,2019,4,2019 Q4,2234,130986,0.017055257813812164
80-89,Female,2020,1,2020 Q1,2281,131780,0.01730915161633025
80-89,Female,2020,2,2020 Q2,2156,133130,0.016194696912792007
80-89,Female,2020,3,2020 Q3,2087,134522,0.015514190987347794
80-89,Female,2020,4,2020 Q4,2437,135830,0.01794154457778105
80-89,Female,2021,1,2021 Q1,2352,136546,0.0172249644808343
80-89,Female,2021,2,2021 Q2,2188,137606,0.01590046945627371
80-89,Female,2021,3,2021 Q3,2357,139260,0.016925175929915267
80-89,Female,2021,4,2021 Q4,2659,140510,0.018923920005693547
80-89,Female,2022,1,2022 Q1,2592,141283,0.018346156296228138
80-89,Female,2022,2,2022 Q2,2390,142552,0.016765811773949157
80-89,Female,2022,3,2022 Q3,2358,144730,0.016292406550127824
80-89,Female,2022,4,2022 Q4,2655,146744,0.01809273292264079
80-89,Male,2008,1,2008 Q1,2140,69275,0.03089137495488993
80-89,Male,2008,2,2008 Q2,1904,69491,0.027399231555165417
80-89,Male,2008,3,2008 Q3,1781,69918,0.025472696587430992
80-89,Male,2008,4,2008 Q4,2011,70442,0.02854830924732404
80-89,Male,2009,1,2009 Q1,2297,70618,0.032527117732023
80-89,Male,2009,2,2009 Q2,1929,70802,0.027244993079291544
80-89,Male,2009,3,2009 Q3,1829,71286,0.025657211794742306
80-89,Male,2009,4,2009 Q4,2020,71721,0.028164693743812832
80-89,Male,2010,1,2010 Q1,2181,71611,0.030456214827330998
80-89,Male,2010,2,2010 Q2,1905,71590,0.026609861712529683
80-89,Male,2010,3,2010 Q3,1877,71961,0.026083573046511304
80-89,Male,2010,4,2010 Q4,1995,72257,0.027609781751249014
80-89,Male,2011,1,2011 Q1,2061,72296,0.02850780126148058
80-89,Male,2011,2,2011 Q2,1832,72409,0.025300722285903687
80-89,Male,2011,3,2011 Q3,1788,72849,0.024543919614545155
80-89,Male,2011,4,2011 Q4,1921,73302,0.026206651933098686
80-89,Male,2012,1,2012 Q1,2069,73437,0.028173808842953823
80-89,Male,2012,2,2012 Q2,1835,73702,0.024897560446120865
80-89,Male,2012,3,2012 Q3,1794,74189,0.02418148243000984
80-89,Male,2012,4,2012 Q4,1949,74627,0.026116552990204617
80-89,Male,2013,1,2013 Q1,2393,74785,0.03199839540014709
80-89,Male,2013,2,2013 Q2,1906,74692,0.025518127778075297
80-89,Male,2013,3,2013 Q3,1705,75083,0.022708202922099543
80-89,Male,2013,4,2013 Q4,1911,75835,0.025199446166018328
80-89,Male,2014,1,2014 Q1,2012,76258,0.026384117076241182
80-89,Male,2014,2,2014 Q2,1841,76918,0.023934579682259028
80-89,Male,2014,3,2014 Q3,1799,77519,0.023207213715347206
80-89,Male,2014,4,2014 Q4,1918,78108,0.024555743329748553
80-89,Male,2015,1,2015 Q1,2126,78506,0.027080732682852268
80-89,Male,2015,2,2015 Q2,1902,79079,0.02405189746961899
80-89,Male,2015,3,2015 Q3,1816,79843,0.02274463634883459
80-89,Male,2015,4,2015 Q4,2017,80586,0.025029161392797757
80-89,Male,2016,1,2016 Q1,2163,80912,0.026732746687759542
80-89,Male,2016,2,2016 Q2,1876,81417,0.023041870862350614
80-89,Male,2016,3,2016 Q3,1884,82449,0.02285048939344322
80-89,Male,2016,4,2016 Q4,1944,83391,0.02331186818721445
80-89,Male,2017,1,2017 Q1,2237,83961,0.0266433224949679
80-89,Male,2017,2,2017 Q2,2005,84563,0.023710133273417453
80-89,Male,2017,3,2017 Q3,1860,85754,0.021689950323017
80-89,Male,2017,4,2017 Q4,2045,86725,0.023580282502162007
80-89,Male,2018,1,2018 Q1,2467,87549,0.02817850575106512
80-89,Male,2018,2,2018 Q2,2107,88195,0.02389024321106639
80-89,Male,2018,3,2018 Q3,2097,89471,0.023437761956388102
80-89,Male,2018,4,2018 Q4,2035,90264,0.022544979172205975
80-89,Male,2019,1,2019 Q1,2215,91188,0.02429047681712506
80-89,Male,2019,2,2019 Q2,2027,92018,0.022028298811102177
80-89,Male,2019,3,2019 Q3,1954,93324,0.020937808066520937
80-89,Male,2019,4,2019 Q4,2166,94535,0.0229121489395462
80-89,Male,2020,1,2020 Q1,2243,95518,0.023482484976653614
80-89,Male,2020,2,2020 Q2,2132,96888,0.022004789034761787
80-89,Male,2020,3,2020 Q3,2080,98190,0.0211834199001935
80-89,Male,2020,4,2020 Q4,2415,99560,0.024256729610285254
80-89,Male,2021,1,2021 Q1,2364,100102,0.023615911769994606
80-89,Male,2021,2,2021 Q2,2131,101149,0.021067929490158083
80-89,Male,2021,3,2021 Q3,2264,102700,0.022044790652385588
80-89,Male,2021,4,2021 Q4,2624,104022,0.025225433081463536
80-89,Male,2022,1,2022 Q1,2709,104740,0.025864044300171855
80-89,Male,2022,2,2022 Q2,2372,105899,0.02239870064873134
80-89,Male,2022,3,2022 Q3,2388,107780,0.02215624420115049
80-89,Male,2022,4,2022 Q4,2606,109657,0.023765012721486088
90+,Female,2008,1,2008 Q1,1672,27046,0.06182060193743992
90+,Female,2008,2,2008 Q2,1501,27049,0.0554918850974158
90+,Female,2008,3,2008 Q3,1439,27188,0.05292776224805061
90+,Female,2008,4,2008 Q4,1592,27331,0.058248874903955215
90+,Female,2009,1,2009 Q1,1884,27348,0.06888986397542782
90+,Female,2009,2,2009 Q2,1422,27013,0.05264132084551883
90+,Female,2009,3,2009 Q3,1395,27020,0.05162842339008142
90+,Female,2009,4,2009 Q4,1506,27127,0.05551664393408781
90+,Female,2010,1,2010 Q1,1626,27470,0.05919184564979978
90+,Female,2010,2,2010 Q2,1495,27919,0.05354776317203338
90+,Female,2010,3,2010 Q3,1502,28322,0.05303297789704117
90+,Female,2010,4,2010 Q4,1610,28601,0.05629173805111709
90+,Female,2011,1,2011 Q1,1698,28675,0.0592153443766347
90+,Female,2011,2,2011 Q2,1520,28829,0.05272468694717125
90+,Female,2011,3,2011 Q3,1495,29115,0.051348102352739136
90+,Female,2011,4,2011 Q4,1640,29469,0.05565170178831993
90+,Female,2012,1,2012 Q1,1720,29635,0.05803948034418761
90+,Female,2012,2,2012 Q2,1490,29745,0.0500924525130274
90+,Female,2012,3,2012 Q3,1470,30010,0.048983672109296904
90+,Female,2012,4,2012 Q4,1655,30248,0.05471436128008463
90+,Female,2013,1,2013 Q1,2022,30131,0.06710696624738641
90+,Female,2013,2,2013 Q2,1614,29977,0.05384127831337358
90+,Female,2013,3,2013 Q3,1493,30187,0.0494583761221718
90+,Female,2013,4,2013 Q4,1492,30539,0.04885556174072497
90+,Female,2014,1,2014 Q1,1635,30703,0.053252125199491906
90+,Female,2014,2,2014 Q2,1509,30940,0.04877181641887524
90+,Female,2014,3,2014 Q3,1642,31262,0.052523830848954005
90+,Female,2014,4,2014 Q4,1665,31383,0.05305420131918555
90+,Female,2015,1,2015 Q1,1959,31472,0.06224580579562786
90+,Female,2015,2,2015 Q2,1672,31410,0.05323145495065266
90+,Female,2015,3,2015 Q3,1562,31558,0.04949616578997402
90+,Female,2015,4,2015 Q4,1660,31753,0.0522785248637924
90+,Female,2016,1,2016 Q1,1875,31802,0.05895855606565625
90+,Female,2016,2,2016 Q2,1676,31816,0.05267789791299975
90+,Female,2016,3,2016 Q3,1568,31987,0.049019914340200706
90+,Female,2016,4,2016 Q4,1691,32223,0.05247804363342954
90+,Female,2017,1,2017 Q1,2030,32235,0.06297502714440825
90+,Female,2017,2,2017 Q2,1703,31994,0.05322873038694755
90+,Female,2017,3,2017 Q3,1598,32192,0.049639662027833
90+,Female,2017,4,2017 Q4,1695,32385,0.0523390458545623
90+,Female,2018,1,2018 Q1,2179,32248,0.06757008186554204
90+,Female,2018,2,2018 Q2,1696,31943,0.05309457471120433
90+,Female,2018,3,2018 Q3,1686,32024,0.05264801398950787
90+,Female,2018,4,2018 Q4,1674,32104,0.05214303513580862
90+,Female,2019,1,2019 Q1,1852,32111,0.05767494005169568
90+,Female,2019,2,2019 Q2,1719,32066,0.053608183122310235
90+,Female,2019,3,2019 Q3,1608,32094,0.05010282295756216
90+,Female,2019,4,2019 Q4,1742,32215,0.054074189042371566
90+,Female,2020,1,2020 Q1,1773,32055,0.05531118390266729
90+,Female,2020,2,2020 Q2,1693,32022,0.05286990194241459
90+,Female,2020,3,2020 Q3,1666,32115,0.051876070372100264
90+,Female,2020,4,2020 Q4,1741,32218,0.05403811533925135
90+,Female,2021,1,2021 Q1,1784,32217,0.0553744917279697
90+,Female,2021,2,2021 Q2,1714,32226,0.05318686774654006
90+,Female,2021,3,2021 Q3,1775,32301,0.05495185907557042
90+,Female,2021,4,2021 Q4,1973,32352,0.06098541048466864
90+,Female,2022,1,2022 Q1,2116,32024,0.06607544341743692
90+,Female,2022,2,2022 Q2,1727,31785,0.054333805254050654
90+,Female,2022,3,2022 Q3,1707,31842,0.053608441680798945
90+,Female,2022,4,2022 Q4,1909,31940,0.059768315591734504
90+,Male,2008,1,2008 Q1,670,8834,0.0758433325786733
90+,Male,2008,2,2008 Q2,618,8854,0.06979896092161735
90+,Male,2008,3,2008 Q3,602,8878,0.06780806487947735
90+,Male,2008,4,2008 Q4,664,9013,0.07367136358593143
90+,Male,2009,1,2009 Q1,761,9007,0.08448984123459531
90+,Male,2009,2,2009 Q2,585,8837,0.06619893629059635
90+,Male,2009,3,2009 Q3,536,8845,0.0605992085924251
90+,Male,2009,4,2009 Q4,619,8992,0.06883896797153025
90+,Male,2010,1,2010 Q1,733,9149,0.08011804568805334
90+,Male,2010,2,2010 Q2,561,9255,0.06061588330632091
90+,Male,2010,3,2010 Q3,582,9488,0.06134064080944351
90+,Male,2010,4,2010 Q4,678,9642,0.07031736154324829
90+,Male,2011,1,2011 Q1,733,9691,0.07563718914456713
90+,Male,2011,2,2011 Q2,613,9805,0.06251912289648139
90+,Male,2011,3,2011 Q3,601,9972,0.06026875250701966
90+,Male,2011,4,2011 Q4,662,10149,0.06522810129076756
90+,Male,2012,1,2012 Q1,724,10200,0.07098039215686275
90+,Male,2012,2,2012 Q2,656,10263,0.06391893208613465
90+,Male,2012,3,2012 Q3,646,10382,0.06222307840493161
90+,Male,2012,4,2012 Q4,688,10492,0.06557377049180328
90+,Male,2013,1,2013 Q1,871,10501,0.08294448147795448
90+,Male,2013,2,2013 Q2,670,10432,0.06422546012269939
90+,Male,2013,3,2013 Q3,624,10604,0.05884571859675594
90+,Male,2013,4,2013 Q4,624,10735,0.058127619934792735
90+,Male,2014,1,2014 Q1,731,10822,0.06754758824616522
90+,Male,2014,2,2014 Q2,627,10905,0.05749656121045392
90+,Male,2014,3,2014 Q3,692,11122,0.062219025355151954
90+,Male,2014,4,2014 Q4,742,11274,0.06581514990243037
90+,Male,2015,1,2015 Q1,884,11301,0.07822316609149632
90+,Male,2015,2,2015 Q2,691,11289,0.06121002746035964
90+,Male,2015,3,2015 Q3,666,11426,0.05828811482583581
90+,Male,2015,4,2015 Q4,776,11633,0.06670678242929597
90+,Male,2016,1,2016 Q1,834,11662,0.07151432001371977
90+,Male,2016,2,2016 Q2,718,11755,0.06108039132284134
90+,Male,2016,3,2016 Q3,669,11966,0.055908407153601875
90+,Male,2016,4,2016 Q4,881,12157,0.072468536645554
90+,Male,2017,1,2017 Q1,979,12141,0.08063586195535788
90+,Male,2017,2,2017 Q2,731,12069,0.06056839837600464
90+,Male,2017,3,2017 Q3,717,12235,0.05860237024928484
90+,Male,2017,4,2017 Q4,841,12416,0.06773518041237113
90+,Male,2018,1,2018 Q1,1042,12392,0.08408650742414461
90+,Male,2018,2,2018 Q2,799,12289,0.0650174953210188
90+,Male,2018,3,2018 Q3,772,12378,0.06236871869445791
90+,Male,2018,4,2018 Q4,834,12577,0.06631152103045242
90+,Male,2019,1,2019 Q1,919,12632,0.07275174160861304
90+,Male,2019,2,2019 Q2,759,12690,0.05981087470449173
90+,Male,2019,3,2019 Q3,770,12861,0.05987092761060571
90+,Male,2019,4,2019 Q4,912,13031,0.06998695418617144
90+,Male,2020,1,2020 Q1,923,12973,0.07114776844214908
90+,Male,2020,2,2020 Q2,820,13005,0.06305267204921185
90+,Male,2020,3,2020 Q3,818,13150,0.06220532319391635
90+,Male,2020,4,2020 Q4,927,13237,0.07003097378560097
90+,Male,2021,1,2021 Q1,962,13241,0.07265312287591572
90+,Male,2021,2,2021 Q2,814,13253,0.0614200558364144
90+,Male,2021,3,2021 Q3,853,13390,0.0637042569081404
90+,Male,2021,4,2021 Q4,1016,13525,0.07512014787430683
90+,Male,2022,1,2022 Q1,1082,13441,0.08049996280038688
90+,Male,2022,2,2022 Q2,871,13367,0.06516046981372035
90+,Male,2022,3,2022 Q3,841,13520,0.06220414201183432
90+,Male,2022,4,2022 Q4,971,13683,0.07096396988964408
